{"ONE_HOT": {"first_model": {"accuracy": 0.9516288252714709, "f1": 0.971627099015634, "precision": 0.9561253561253561, "recall": 0.9876397881106533, "roc_auc": 0.8760828909972227, "confusion": [[250, 77], [21, 1678]]}, "second_model": {"accuracy": 0.9516288252714709, "f1": 0.9713785046728972, "precision": 0.9640579710144928, "recall": 0.9788110653325486, "roc_auc": 0.894604309424684, "confusion": [[265, 62], [36, 1663]]}, "third_model": {"accuracy": 0.9111549851924975, "f1": 0.9486887115165337, "precision": 0.9198452183526811, "recall": 0.9793996468510888, "roc_auc": 0.7679872851992449, "confusion": [[182, 145], [35, 1664]]}}, "ORDINAL": {"first_model": {"accuracy": 0.9585389930898321, "f1": 0.9755387303436226, "precision": 0.9654178674351584, "recall": 0.9858740435550324, "roc_auc": 0.9011939025114611, "confusion": [[267, 60], [24, 1675]]}, "second_model": {"accuracy": 0.9506416584402764, "f1": 0.9707602339181286, "precision": 0.9645554909936084, "recall": 0.9770453207769276, "roc_auc": 0.8952504891346411, "confusion": [[266, 61], [39, 1660]]}, "third_model": {"accuracy": 0.9249753208292202, "f1": 0.9563218390804598, "precision": 0.9343065693430657, "recall": 0.9793996468510888, "roc_auc": 0.810800740856737, "confusion": [[210, 117], [35, 1664]]}}, "DIFF": {"first_model": {"accuracy": 0.9595261599210266, "f1": 0.9761766414875073, "precision": 0.963855421686747, "recall": 0.9888169511477339, "roc_auc": 0.8980782003445092, "confusion": [[264, 63], [19, 1680]]}, "second_model": {"accuracy": 0.9516288252714709, "f1": 0.9713785046728972, "precision": 0.9640579710144928, "recall": 0.9788110653325486, "roc_auc": 0.894604309424684, "confusion": [[265, 62], [36, 1663]]}, "third_model": {"accuracy": 0.920533070088845, "f1": 0.9539605376036603, "precision": 0.9276974416017798, "recall": 0.9817539729252501, "roc_auc": 0.7921002280528391, "confusion": [[197, 130], [31, 1668]]}}}